avg fluctuations, std dev fluctuations
1.0453213841760102e-53, 4.552895162850366e-56
1.0453213841760102e-53, 4.552895162850366e-56
